{
  "hash": "871e74fb",
  "configHash": "d44dec15",
  "lockfileHash": "0c0e7ec2",
  "browserHash": "49db33d1",
  "optimized": {
    "@angular/common": {
      "src": "../../../../../node_modules/@angular/common/fesm2022/common.mjs",
      "file": "@angular_common.js",
      "fileHash": "eb41aabf",
      "needsInterop": false
    },
    "@angular/core": {
      "src": "../../../../../node_modules/@angular/core/fesm2022/core.mjs",
      "file": "@angular_core.js",
      "fileHash": "e94be86a",
      "needsInterop": false
    },
    "@angular/forms": {
      "src": "../../../../../node_modules/@angular/forms/fesm2022/forms.mjs",
      "file": "@angular_forms.js",
      "fileHash": "1e57ef87",
      "needsInterop": false
    },
    "@angular/platform-browser": {
      "src": "../../../../../node_modules/@angular/platform-browser/fesm2022/platform-browser.mjs",
      "file": "@angular_platform-browser.js",
      "fileHash": "4452d857",
      "needsInterop": false
    },
    "@angular/router": {
      "src": "../../../../../node_modules/@angular/router/fesm2022/router.mjs",
      "file": "@angular_router.js",
      "fileHash": "483c6225",
      "needsInterop": false
    }
  },
  "chunks": {
    "chunk-Y4QAOGQ5": {
      "file": "chunk-Y4QAOGQ5.js"
    },
    "chunk-ZNUOY27U": {
      "file": "chunk-ZNUOY27U.js"
    },
    "chunk-EJIRFEPW": {
      "file": "chunk-EJIRFEPW.js"
    }
  }
}